{
  "accuracy": 0.935,
  "precision": 0.9484536082474226,
  "recall": 0.92,
  "f1_score": 0.9340101522842639,
  "confusion_matrix": [
    [
      95,
      5
    ],
    [
      8,
      92
    ]
  ]
}