{
  "accuracy": 0.6,
  "precision": 0.6724137931034483,
  "recall": 0.39,
  "f1_score": 0.4936708860759494,
  "confusion_matrix": [
    [
      81,
      19
    ],
    [
      61,
      39
    ]
  ]
}